part_id,material,component,triangles,vertices,mesh,centroid_x,centroid_y,centroid_z,bbox_min_x,bbox_min_y,bbox_min_z,bbox_max_x,bbox_max_y,bbox_max_z
mat0_007_c00,mat_0_007,0,2794,1399,link7_mat0_007_component_00_2794tris.stl,11.691342,27.605712,551.75004,8.942198,15.5,549,14.44049,33.5,554.5
mat0_007_c01,mat_0_007,1,2794,1399,link7_mat0_007_component_01_2794tris.stl,-11.691342,27.605712,551.75004,-14.44049,15.5,549,-8.942198,33.5,554.5
mat0_007_c02,mat_0_007,2,2794,1399,link7_mat0_007_component_02_2794tris.stl,8.2830256e-18,27.605712,545.00004,-2.749145,15.5,542.25,2.749145,33.5,547.75
mat0_007_c03,mat_0_007,3,2794,1399,link7_mat0_007_component_03_2794tris.stl,8.2830256e-18,27.605712,572.00004,-2.749145,15.5,569.25,2.749145,33.5,574.75
mat0_007_c04,mat_0_007,4,2794,1399,link7_mat0_007_component_04_2794tris.stl,-11.691342,27.605712,565.25004,-14.44049,15.5,562.5,-8.942198,33.5,568
mat0_007_c05,mat_0_007,5,2794,1399,link7_mat0_007_component_05_2794tris.stl,11.691342,27.605712,565.25004,8.942198,15.5,562.5,14.44049,33.5,568
mat0_007_c06,mat_0_007,6,756,504,link7_mat0_007_component_06_756tris.stl,9.5161974e-17,30.251625,596.50003,-2.749881,25.3065,593.7504,2.749881,33.7,599.2497
mat0_007_c07,mat_0_007,7,756,504,link7_mat0_007_component_07_756tris.stl,5.501,30.251625,603.00054,2.751118,25.3065,600.2509,8.250883,33.7,605.7502
mat0_007_c08,mat_0_007,8,756,504,link7_mat0_007_component_08_756tris.stl,-5.499,30.251625,603.00054,-8.248882,25.3065,600.2509,-2.749118,33.7,605.7502
mat0_007_c09,mat_0_007,9,148,138,link7_mat0_007_component_09_148tris.stl,-6.2751736e-17,33.943478,596.50003,-2.449894,32.7,594.0504,2.449894,34,598.9497
mat0_007_c10,mat_0_007,10,148,138,link7_mat0_007_component_10_148tris.stl,5.501,33.943478,603.00053,3.051106,32.7,600.5509,7.950894,34,605.4502
mat0_007_c11,mat_0_007,11,148,138,link7_mat0_007_component_11_148tris.stl,-5.4989999,33.943478,603.00053,-7.948894,32.7,600.5509,-3.049105,34,605.4502
mat0_007_c12,mat_0_007,12,124,126,link7_mat0_007_component_12_124tris.stl,-4.0531952e-17,25,596.50004,-1.193449,25,595.3067,1.193449,25,597.6934
mat0_007_c13,mat_0_007,13,124,126,link7_mat0_007_component_13_124tris.stl,5.501,25,603.00053,4.307551,25,601.8072,6.694448,25,604.1939
mat0_007_c14,mat_0_007,14,124,126,link7_mat0_007_component_14_124tris.stl,-5.4989999,25,603.00053,-6.692449,25,601.8072,-4.305552,25,604.1939
mat1_007_c00,mat_1_007,0,756,504,link7_mat1_007_component_00_756tris.stl,13.436029,-13.435028,605.24893,10.68613,-16.18466,601.3005,16.18593,-10.6854,611.694
mat1_007_c01,mat_1_007,1,756,504,link7_mat1_007_component_01_756tris.stl,-13.434029,13.435028,605.24893,-16.18393,10.6854,601.3005,-10.68413,16.18466,611.694
mat1_007_c02,mat_1_007,2,756,504,link7_mat1_007_component_02_756tris.stl,13.436029,13.435028,605.24893,10.68613,10.6854,601.3005,16.18593,16.18466,611.694
mat1_007_c03,mat_1_007,3,756,504,link7_mat1_007_component_03_756tris.stl,-13.434029,-13.435028,605.24893,-16.18393,-16.18466,601.3005,-10.68413,-10.6854,611.694
mat1_007_c04,mat_1_007,4,148,138,link7_mat1_007_component_04_148tris.stl,13.436028,-13.435029,601.05712,10.98612,-15.8847,601.0006,15.88594,-10.98536,602.3005
mat1_007_c05,mat_1_007,5,148,138,link7_mat1_007_component_05_148tris.stl,-13.434028,13.435029,601.05712,-15.88394,10.98536,601.0006,-10.98412,15.8847,602.3005
mat1_007_c06,mat_1_007,6,148,138,link7_mat1_007_component_06_148tris.stl,13.436028,13.435029,601.05712,10.98612,10.98536,601.0006,15.88594,15.8847,602.3005
mat1_007_c07,mat_1_007,7,148,138,link7_mat1_007_component_07_148tris.stl,-13.434028,-13.435029,601.05712,-15.88394,-15.8847,601.0006,-10.98412,-10.98536,602.3005
mat1_007_c08,mat_1_007,8,124,126,link7_mat1_007_component_08_124tris.stl,13.436029,-13.435028,612.0006,12.24257,-14.62837,612.0006,14.62948,-12.24169,612.0006
mat1_007_c09,mat_1_007,9,124,126,link7_mat1_007_component_09_124tris.stl,-13.434029,13.435028,612.0006,-14.62749,12.24169,612.0006,-12.24057,14.62837,612.0006
mat1_007_c10,mat_1_007,10,124,126,link7_mat1_007_component_10_124tris.stl,13.436029,13.435028,612.0006,12.24257,12.24169,612.0006,14.62948,14.62837,612.0006
mat1_007_c11,mat_1_007,11,124,126,link7_mat1_007_component_11_124tris.stl,-13.434029,-13.435028,612.0006,-14.62749,-14.62837,612.0006,-12.24057,-12.24169,612.0006
mat2_005_c00,mat_2_005,0,18808,9390,link7_mat2_005_component_00_18808tris.stl,-0.062457511,0.064040196,610.88112,-28.499,-28.5,608.0006,28.49222,28.5,614.5006
mat2_005_c01,mat_2_005,1,252,252,link7_mat2_005_component_01_252tris.stl,0.00099999979,-1.0996495e-15,630.7506,-28.49014,-28.5,614.5006,28.49214,28.5,647.0006
mat3_001_c00,mat_3_001,0,38256,19180,link7_mat3_001_component_00_38256tris.stl,0.0054722849,1.1972886e-09,649.96001,-28.499,-28.5,647.0006,28.501,28.5,654.0006
mat3_001_c01,mat_3_001,1,11280,5622,link7_mat3_001_component_01_11280tris.stl,0.00017929954,29.585735,573.49151,-17.49718,20.5,541,17.49718,34.5,607
mat3_001_c02,mat_3_001,2,7598,3789,link7_mat3_001_component_02_7598tris.stl,0.012793756,9.3187493,602.87785,-28.49845,-28.5,594.0006,28.50045,34.5,608.0006
mat3_001_c03,mat_3_001,3,2140,1134,link7_mat3_001_component_03_2140tris.stl,0.0009999647,-2.8218695e-07,618.94504,-28.49014,-28.5,614.5006,28.49214,28.5,624.5006
